-- phpMyAdmin SQL Dump
-- version 5.1.1
-- https://www.phpmyadmin.net/
--
-- Hôte : 127.0.0.1
-- Généré le : lun. 14 nov. 2022 à 18:57
-- Version du serveur : 10.5.16-MariaDB-cll-lve
-- Version de PHP : 7.2.34

SET SQL_MODE = "NO_AUTO_VALUE_ON_ZERO";
START TRANSACTION;
SET time_zone = "+00:00";


/*!40101 SET @OLD_CHARACTER_SET_CLIENT=@@CHARACTER_SET_CLIENT */;
/*!40101 SET @OLD_CHARACTER_SET_RESULTS=@@CHARACTER_SET_RESULTS */;
/*!40101 SET @OLD_COLLATION_CONNECTION=@@COLLATION_CONNECTION */;
/*!40101 SET NAMES utf8mb4 */;

--
-- Base de données : `u560558504_atelier1`
--

-- --------------------------------------------------------

--
-- Structure de la table `Gallery`
--

CREATE TABLE `Gallery` (
  `id` int(11) NOT NULL,
  `id_user` int(11) NOT NULL,
  `name` text COLLATE utf8mb4_unicode_ci NOT NULL,
  `descript` text COLLATE utf8mb4_unicode_ci NOT NULL,
  `mode` int(11) NOT NULL,
  `created_at` datetime NOT NULL,
  `updated_at` datetime NOT NULL
) ENGINE=InnoDB DEFAULT CHARSET=utf8mb4 COLLATE=utf8mb4_unicode_ci;

--
-- Déchargement des données de la table `Gallery`
--

INSERT INTO `Gallery` (`id`, `id_user`, `name`, `descript`, `mode`, `created_at`, `updated_at`) VALUES
(2, 2, 'voluptas', 'Libero nemo molestias quasi nulla veniam.', 1, '2022-11-08 22:15:30', '2022-11-08 22:15:30'),
(3, 11, 'et', 'Porro ipsam animi magnam vero.', 0, '2022-11-09 08:29:23', '2022-11-09 08:29:23'),
(4, 23, 'repudiandae', 'Architecto esse soluta voluptate eos porro explicabo.', 1, '2022-11-09 08:29:24', '2022-11-09 08:29:24'),
(5, 30, 'qui', 'Non odio ex omnis et consequatur illum esse.', 0, '2022-11-09 08:29:24', '2022-11-09 08:29:24'),
(6, 2, 'repellat', 'Sed ullam odit aut ducimus.', 0, '2022-11-09 08:29:24', '2022-11-09 08:29:24'),
(7, 19, 'temporibus', 'Sunt non repellendus hic ex quis sed nesciunt.', 1, '2022-11-09 08:29:24', '2022-11-09 08:29:24'),
(8, 6, 'dolorum', 'Et assumenda quia quidem vel voluptatum.', 0, '2022-11-09 08:29:25', '2022-11-09 08:29:25'),
(9, 7, 'quaerat', 'Velit dolores unde eos.', 1, '2022-11-09 08:29:25', '2022-11-09 08:29:25'),
(10, 30, 'qui', 'Pariatur tenetur aspernatur inventore animi dolorum aliquam eos.', 1, '2022-11-09 08:29:25', '2022-11-09 08:29:25'),
(11, 30, 'non', 'Non nostrum sed expedita vero.', 1, '2022-11-09 08:29:25', '2022-11-09 08:29:25'),
(12, 15, 'et', 'Culpa autem vel ut reprehenderit omnis aut.', 0, '2022-11-09 08:29:25', '2022-11-09 08:29:25'),
(13, 24, 'ab', 'Consequatur sunt cupiditate maiores quia quia odit.', 1, '2022-11-09 08:29:26', '2022-11-09 08:29:26'),
(14, 12, 'beatae', 'Enim eos et consequatur ut rerum rerum molestiae itaque.', 0, '2022-11-09 08:29:26', '2022-11-09 08:29:26'),
(15, 4, 'animi', 'Voluptas et illo est ratione provident dolor.', 0, '2022-11-09 08:29:26', '2022-11-09 08:29:26'),
(16, 2, 'adipisci', 'Porro nulla debitis unde doloribus aliquid sapiente est.', 1, '2022-11-09 08:29:26', '2022-11-09 08:29:26'),
(17, 1, 'non', 'Aperiam dolor distinctio voluptatem quam ut facilis occaecati quas.', 1, '2022-11-09 08:29:26', '2022-11-09 08:29:26'),
(18, 16, 'quam', 'Quo dolores rerum corrupti odit nulla reprehenderit et.', 0, '2022-11-09 08:29:27', '2022-11-09 08:29:27'),
(19, 29, 'esse', 'Est et consequuntur animi necessitatibus non.', 1, '2022-11-09 08:29:27', '2022-11-09 08:29:27'),
(20, 24, 'aperiam', 'Sed rerum laborum sed reiciendis.', 0, '2022-11-09 08:29:27', '2022-11-09 08:29:27'),
(21, 13, 'aut', 'Rerum eos veniam a modi dolores aut.', 1, '2022-11-09 08:29:27', '2022-11-09 08:29:27'),
(22, 9, 'a', 'Ut aut voluptate ex consequatur ut.', 0, '2022-11-09 08:29:27', '2022-11-09 08:29:27'),
(23, 12, 'molestiae', 'Repellendus quis qui laboriosam assumenda recusandae quia.', 0, '2022-11-09 08:29:28', '2022-11-09 08:29:28'),
(24, 10, 'unde', 'Iste qui consequatur porro corrupti.', 0, '2022-11-09 08:29:28', '2022-11-09 08:29:28'),
(25, 22, 'nobis', 'Sint ratione qui in et voluptatem explicabo sit.', 0, '2022-11-09 08:29:28', '2022-11-09 08:29:28'),
(26, 12, 'illo', 'Magni quia incidunt quibusdam molestiae delectus facere.', 1, '2022-11-09 08:29:28', '2022-11-09 08:29:28'),
(27, 26, 'quisquam', 'Autem nostrum rem est eius et eius quis.', 0, '2022-11-09 08:29:28', '2022-11-09 08:29:28'),
(28, 13, 'quo', 'Mollitia pariatur qui odit non qui sapiente.', 0, '2022-11-09 08:29:29', '2022-11-09 08:29:29'),
(29, 29, 'voluptatem', 'Aut maiores quia voluptatem saepe aut qui et.', 1, '2022-11-09 08:29:29', '2022-11-09 08:29:29'),
(30, 16, 'ut', 'In nihil praesentium consequatur.', 0, '2022-11-09 08:29:29', '2022-11-09 08:29:29'),
(31, 24, 'aut', 'Sit qui voluptatum qui.', 1, '2022-11-09 08:29:29', '2022-11-09 08:29:29'),
(32, 26, 'incidunt', 'Consequuntur et ratione blanditiis rerum consequatur.', 0, '2022-11-09 08:29:30', '2022-11-09 08:29:30'),
(86, 34, 'test', 'test', 1, '2022-11-14 17:18:19', '2022-11-14 17:18:19'),
(87, 34, 'xdtcfhgvj', 'fchvjbk', 1, '2022-11-14 17:53:51', '2022-11-14 17:53:51'),
(88, 34, 'Test', 'test', 1, '2022-11-14 17:57:08', '2022-11-14 17:57:08'),
(89, 34, 'Test', 'test', 1, '2022-11-14 17:57:34', '2022-11-14 17:57:34'),
(90, 34, 'Test', 'test', 1, '2022-11-14 17:59:19', '2022-11-14 17:59:19');

-- --------------------------------------------------------

--
-- Structure de la table `Images`
--

CREATE TABLE `Images` (
  `id` int(11) NOT NULL,
  `id_gallery` int(11) NOT NULL,
  `title` text COLLATE utf8mb4_unicode_ci NOT NULL,
  `path` text COLLATE utf8mb4_unicode_ci NOT NULL,
  `created_at` datetime NOT NULL,
  `descript` text COLLATE utf8mb4_unicode_ci NOT NULL
) ENGINE=InnoDB DEFAULT CHARSET=utf8mb4 COLLATE=utf8mb4_unicode_ci;

--
-- Déchargement des données de la table `Images`
--

INSERT INTO `Images` (`id`, `id_gallery`, `title`, `path`, `created_at`, `descript`) VALUES
(1, 3, 'aut', './html/images/1vtIbUA5H5A.jpg', '2022-11-09 08:49:10', 'Amet qui aut omnis ut natus beatae aut quos esse.'),
(2, 15, 'id', './html/images/1vtIbUA5H5A.jpg', '2022-11-09 08:49:15', 'Nulla et dicta impedit error corrupti quia tempore ut officiis possimus laboriosam.'),
(3, 10, 'commodi', './html/images/-D0HUNNCw0k.jpg', '2022-11-09 08:49:16', 'Rem optio eligendi et excepturi aliquam ducimus facere accusantium nobis numquam labore blanditiis quia velit totam nihil quis non id.'),
(4, 4, 'doloremque', './html/images/-FM2H3uuonc.jpg', '2022-11-09 08:49:16', 'Ullam et laudantium animi officia ad est tenetur animi reprehenderit.'),
(5, 24, 'itaque', './html/images/-rd-XCpAwZc.jpg', '2022-11-09 08:49:16', 'Ullam ipsam tempore illum asperiores quibusdam et debitis voluptatem itaque necessitatibus voluptas voluptas praesentium eligendi.'),
(7, 18, 'dolores', './html/images/-wSdxlajflo.jpg', '2022-11-09 08:49:16', 'Error similique qui consequatur commodi illo autem reprehenderit recusandae ut sequi rerum.'),
(8, 5, 'beatae', './html/images/06Di4lMxzz4.jpg', '2022-11-09 08:49:17', 'Consectetur et ut vitae et maxime aut dicta eius est excepturi dolorem ut dolorem repellat.'),
(9, 26, 'sit', './html/images/0jAIomzq9x0.jpg', '2022-11-09 08:49:17', 'Necessitatibus unde sit atque est repudiandae totam officiis non cum voluptates aut voluptas adipisci qui aut minima.'),
(10, 18, 'est', './html/images/0kzJiUGheiY.jpg', '2022-11-09 08:49:17', 'Deleniti nisi sint quis voluptates qui corporis similique a et officiis dicta soluta alias iusto sunt.'),
(11, 8, 'aspernatur', './html/images/0vQlbw5Fu6g.jpg', '2022-11-09 08:49:17', 'Minus similique dolores modi corporis suscipit qui non iure expedita aspernatur quia.'),
(12, 10, 'aut', './html/images/11XZuWEOLNI.jpg', '2022-11-09 08:49:17', 'Quam sequi rerum est maxime dicta aspernatur laborum numquam veniam est debitis commodi.'),
(13, 21, 'modi', './html/images/18oPzDTZw-M.jpg', '2022-11-09 08:49:17', 'Est veritatis dolor facilis architecto alias eaque maiores esse enim beatae quia optio eligendi eaque ipsa.'),
(14, 4, 'odio', './html/images/1Hj7WdYYmkM.jpg', '2022-11-09 08:49:18', 'Voluptates magni id ipsum mollitia deleniti nemo hic tempora nihil.'),
(15, 12, 'ex', './html/images/1ocELVjkOuE.jpg', '2022-11-09 08:49:18', 'Accusamus est eum maxime voluptas rerum odit ducimus qui aut ipsum quia quae est sed adipisci animi perferendis.'),
(16, 25, 'sit', './html/images/1TDbHjVbt-g.jpg', '2022-11-09 08:49:18', 'Dolores itaque cumque rerum perferendis eaque cumque rerum sed quae ullam tempora suscipit repellendus cum.'),
(18, 14, 'tempore', './html/images/1vtIbUA5H5A.jpg', '2022-11-09 08:49:18', 'Fugiat omnis sint excepturi cupiditate voluptates earum ipsa ex unde rem fugit.'),
(19, 24, 'et', './html/images/2C01Fn3_sV8.jpg', '2022-11-09 08:49:19', 'Aut consequatur neque facere unde ad et ea omnis consequatur nostrum corrupti et et expedita.'),
(20, 14, 'quaerat', './html/images/2OvtI2HPIiA.jpg', '2022-11-09 08:49:19', 'Atque maxime voluptatem hic est non dolorem nam ullam hic molestiae repellendus.'),
(22, 24, 'voluptatem', './html/images/2w8ob6YoSdM.jpg', '2022-11-09 08:49:19', 'Et quasi atque id ipsum reprehenderit omnis eum at quam temporibus nihil cupiditate.'),
(23, 10, 'quod', './html/images/3-RN3h-2ewc.jpg', '2022-11-09 08:49:20', 'Nemo dolor quae aperiam harum quo dicta non quas voluptatum impedit modi explicabo voluptatum repellat.'),
(24, 12, 'quas', './html/images/32Kch97sX1A.jpg', '2022-11-09 08:49:20', 'Repellendus quisquam omnis voluptas voluptates sapiente nostrum sint ut quo ut impedit aut vel.'),
(25, 3, 'unde', './html/images/3cCeumUDg-I.jpg', '2022-11-09 08:49:20', 'Nam a praesentium rem tempora reprehenderit et omnis quae quas iste nesciunt deserunt enim et aut sit dolorem.'),
(27, 24, 'hic', './html/images/3JjrBnaiSNs.jpg', '2022-11-09 08:49:20', 'Eum omnis a ipsa eum omnis eos ut veniam voluptates doloremque.'),
(29, 11, 'corrupti', './html/images/3jKKdDZQjWs.jpg', '2022-11-09 08:49:21', 'Eius recusandae ab consequatur et facere et repellat doloremque alias rerum tempora odio.'),
(30, 32, 'repudiandae', './html/images/3O3bDgv9l_w.jpg', '2022-11-09 08:49:21', 'Quam quia fugiat dolor sed aut eius quis sed laboriosam quasi assumenda.'),
(31, 13, 'delectus', './html/images/4eEDj9LuS9k.jpg', '2022-11-09 08:49:21', 'Illo quisquam vero ipsam alias qui maiores sequi est consequuntur corporis ea nostrum et voluptas harum veniam debitis.'),
(33, 2, 'ea', './html/images/4R6Xhsi8FpE.jpg', '2022-11-09 08:49:21', 'Mollitia dolor et doloribus qui libero tempore ex eveniet qui velit exercitationem adipisci rerum sint.'),
(34, 4, 'tempore', './html/images/4ReVHdTjbxc.jpg', '2022-11-09 08:49:22', 'Quisquam quae suscipit et tenetur et est officia et eos sequi quis reiciendis voluptatem mollitia expedita.'),
(36, 27, 'dolor', './html/images/4T43bJvXkiY.jpg', '2022-11-09 08:49:22', 'Repellendus alias aut accusantium cum placeat tempora unde distinctio adipisci accusantium qui nam delectus enim.'),
(37, 25, 'sunt', './html/images/58G6Aa_yQs0.jpg', '2022-11-09 08:49:22', 'Vel quia dolores et unde voluptas aut voluptas aut quo cum veniam eum labore eum soluta eos ut.'),
(40, 16, 'debitis', './html/images/5B2adjXuFHs.jpg', '2022-11-09 08:49:23', 'Itaque earum libero nihil impedit est impedit praesentium optio ex voluptate ullam rerum ut consequatur aspernatur quibusdam possimus ut voluptatem optio.'),
(41, 21, 'aut', './html/images/5S7gFWabyoM.jpg', '2022-11-09 08:49:23', 'Ullam qui ipsum aut quam minus corrupti veritatis fuga amet minima et similique rem placeat praesentium dolores harum officiis doloremque.'),
(42, 5, 'ipsa', './html/images/5Td394dv6d4.jpg', '2022-11-09 08:49:23', 'Sit fuga pariatur in mollitia eaque temporibus tenetur aut aut nemo.'),
(43, 10, 'quidem', './html/images/6btUvfSzLgI.jpg', '2022-11-09 08:49:23', 'In sed velit qui debitis quis qui voluptatem rem praesentium qui ut officiis.'),
(45, 24, 'et', './html/images/6Ch2EcUhRAc.jpg', '2022-11-09 08:49:24', 'Dolores sint modi pariatur a ex dicta sed fugit odio perspiciatis non.'),
(46, 30, 'aut', './html/images/6G1NO5a7CcA.jpg', '2022-11-09 08:49:24', 'Voluptatem sunt aut modi et occaecati ut quaerat repudiandae dolorem vel at voluptates suscipit necessitatibus architecto et dolorem.'),
(47, 7, 'nulla', './html/images/6rnzwUfFydY.jpg', '2022-11-09 08:49:24', 'Velit saepe quidem omnis amet aut rerum molestiae molestiae rerum magni asperiores ut vero sint qui voluptatibus velit voluptas sit officiis.'),
(48, 21, 'ad', './html/images/72s4j4xfJxE.jpg', '2022-11-09 08:49:24', 'Odio est est placeat quasi est ut eius expedita minus iste sequi sint unde odio totam ut eum reprehenderit ut.'),
(49, 11, 'perferendis', './html/images/753Kt0iQ6zw.jpg', '2022-11-09 08:49:25', 'Et tenetur velit id maxime voluptatem placeat ipsum impedit culpa consectetur quae distinctio id consequuntur minima mollitia consectetur est et.'),
(50, 8, 'harum', './html/images/7PfFGngO2L0.jpg', '2022-11-09 08:49:25', 'Voluptates et aperiam et quisquam repellat vel quod error omnis facere dolorum vitae error unde.'),
(51, 5, 'aut', './html/images/7zVey3JxZ_A.jpg', '2022-11-09 08:49:25', 'Voluptates molestiae non et quia soluta reiciendis atque sit et laboriosam autem rerum ut ea incidunt a neque molestiae.'),
(52, 18, 'et', './html/images/833V0FNYX-Q.jpg', '2022-11-09 08:49:25', 'Enim est voluptatum ea sed possimus dignissimos rerum molestias voluptatem quo quod sunt dignissimos consequatur quia officiis.'),
(53, 20, 'quam', './html/images/8aizK-EABDM.jpg', '2022-11-09 08:49:25', 'Sit atque quisquam voluptate aut nam architecto aperiam praesentium corporis et modi voluptas molestias id.'),
(54, 29, 'quia', './html/images/8CCKYnoaa7s.jpg', '2022-11-09 08:49:26', 'Soluta autem qui temporibus corrupti optio atque repudiandae qui animi sit dolorum.'),
(55, 28, 'qui', './html/images/8dL3Yz-SBNA.jpg', '2022-11-09 08:49:26', 'Praesentium aut rem impedit et voluptatem vero qui fugit sit deleniti molestiae illo debitis.'),
(56, 3, 'et', './html/images/8iRr_wr4qJM.jpg', '2022-11-09 08:49:26', 'Quam provident voluptatem iure nam aliquam ab alias provident doloremque officiis perspiciatis est repellat voluptas aliquam dolores.'),
(58, 14, 'aut', './html/images/8Wxe_G2dmGA.jpg', '2022-11-09 08:49:27', 'Eum nihil sit quia tempora sit unde iusto et et deserunt.'),
(59, 28, 'quisquam', './html/images/8yoQ9A29n-4.jpg', '2022-11-09 08:49:27', 'Officiis officiis qui sed perferendis quibusdam velit cupiditate exercitationem animi voluptas et ex architecto est vel voluptatem nisi enim eaque.'),
(74, 29, 'Paysage n°1', './html/images/9--2xTDY_rU.jpg', '2022-11-11 16:31:14', '4K, gris'),
(75, 22, 'Paysage n°2', './html/images/9aZOqgTOtwg.jpg', '2022-11-11 23:28:30', 'Full HD, colorée'),
(76, 29, 'Paysage n°3', './html/images/9CDgXa2ngOI.jpg', '2022-11-11 23:39:17', 'gray'),
(78, 32, 'Test', './html/images/9i2U-glDlg4.jpg', '2022-11-12 22:37:40', 'test'),
(79, 31, 'TestImage', './html/images/9KjAdrio03w.jpg', '2022-11-13 17:02:29', 'TestImageData'),
(85, 25, 'dsgdsg', './html/images/9nEHeq4Q50o.jpg', '2022-11-14 10:19:19', 'gdsgds'),
(86, 32, 'gdsgsdg', './html/images/9UnV0H8mB2g.jpg', '2022-11-14 10:34:49', 'gfdgfd'),
(89, 32, 'test', './html/images/9XfvYJwR-SA.jpg', '2022-11-14 17:02:10', 'test'),
(90, 2, 'dolor', './html/images/9z2H1TMTnlI.jpg', '2022-11-14 17:02:41', 'Quisquam quae suscipit et tenetur et est officia'),
(91, 17, 'dolor', './html/images/A5vzfNHB54I.jpg', '2022-11-14 17:02:41', 'Quisquam quae suscipit et tenetur et est officia'),
(92, 26, 'dolor', './html/images/aCMAGO_RnvI.jpg', '2022-11-14 17:02:41', 'Quisquam quae suscipit et tenetur et est officia'),
(93, 21, 'dolor', './html/images/afCostsAwo8.jpg', '2022-11-14 17:02:41', 'Quisquam quae suscipit et tenetur et est officia'),
(94, 15, 'dolor', './html/images/aiTB7gO4s2g.jpg', '2022-11-14 17:02:41', 'Quisquam quae suscipit et tenetur et est officia'),
(95, 16, 'dolor', './html/images/aketjW6MzjY.jpg', '2022-11-14 17:02:42', 'Quisquam quae suscipit et tenetur et est officia'),
(96, 16, 'dolor', './html/images/AOz7ubj-Eus.jpg', '2022-11-14 17:02:42', 'Quisquam quae suscipit et tenetur et est officia'),
(97, 7, 'dolor', './html/images/aRmGDJmtejg.jpg', '2022-11-14 17:02:42', 'Quisquam quae suscipit et tenetur et est officia'),
(98, 4, 'dolor', './html/images/au8qivomMbE.jpg', '2022-11-14 17:02:42', 'Quisquam quae suscipit et tenetur et est officia'),
(99, 18, 'dolor', './html/images/AUwmgEuxBaQ.jpg', '2022-11-14 17:02:42', 'Quisquam quae suscipit et tenetur et est officia'),
(100, 18, 'dolor', './html/images/B4BMhWPOiiY.jpg', '2022-11-14 17:02:42', 'Quisquam quae suscipit et tenetur et est officia'),
(101, 28, 'dolor', './html/images/Ba5jdDmfiOA.jpg', '2022-11-14 17:02:42', 'Quisquam quae suscipit et tenetur et est officia'),
(102, 15, 'dolor', './html/images/bf8aozL5tC8.jpg', '2022-11-14 17:02:42', 'Quisquam quae suscipit et tenetur et est officia'),
(103, 10, 'dolor', './html/images/bHTHVEfGk-s.jpg', '2022-11-14 17:02:43', 'Quisquam quae suscipit et tenetur et est officia'),
(104, 18, 'dolor', './html/images/bJefdtCPDqo.jpg', '2022-11-14 17:02:43', 'Quisquam quae suscipit et tenetur et est officia'),
(105, 18, 'dolor', './html/images/BNJhnB_OAW0.jpg', '2022-11-14 17:02:43', 'Quisquam quae suscipit et tenetur et est officia'),
(106, 26, 'dolor', './html/images/bxwaUpkFHZw.jpg', '2022-11-14 17:02:43', 'Quisquam quae suscipit et tenetur et est officia'),
(107, 25, 'dolor', './html/images/c-f_MIeZfos.jpg', '2022-11-14 17:02:43', 'Quisquam quae suscipit et tenetur et est officia'),
(108, 2, 'dolor', './html/images/Cc2PcaTH13s.jpg', '2022-11-14 17:02:43', 'Quisquam quae suscipit et tenetur et est officia'),
(109, 28, 'dolor', './html/images/CDLBz2lPpLM.jpg', '2022-11-14 17:02:43', 'Quisquam quae suscipit et tenetur et est officia'),
(110, 5, 'dolor', './html/images/cHkVglla7_0.jpg', '2022-11-14 17:02:43', 'Quisquam quae suscipit et tenetur et est officia'),
(111, 5, 'dolor', './html/images/CHt2tPjFhR4.jpg', '2022-11-14 17:02:43', 'Quisquam quae suscipit et tenetur et est officia'),
(112, 18, 'dolor', './html/images/CLHqJwXjfgU.jpg', '2022-11-14 17:02:43', 'Quisquam quae suscipit et tenetur et est officia'),
(113, 16, 'dolor', './html/images/Cm0zlTLGr8g.jpg', '2022-11-14 17:02:44', 'Quisquam quae suscipit et tenetur et est officia'),
(114, 23, 'dolor', './html/images/CoIuT17eVrg.jpg', '2022-11-14 17:02:44', 'Quisquam quae suscipit et tenetur et est officia'),
(115, 18, 'dolor', './html/images/CpwgTWycnkQ.jpg', '2022-11-14 17:02:44', 'Quisquam quae suscipit et tenetur et est officia'),
(116, 16, 'dolor', './html/images/CqcTsRAwUbo.jpg', '2022-11-14 17:02:44', 'Quisquam quae suscipit et tenetur et est officia'),
(117, 13, 'dolor', './html/images/CqzNWM-gK54.jpg', '2022-11-14 17:02:44', 'Quisquam quae suscipit et tenetur et est officia'),
(118, 24, 'dolor', './html/images/DE8cuiPwndE.jpg', '2022-11-14 17:02:44', 'Quisquam quae suscipit et tenetur et est officia'),
(119, 32, 'dolor', './html/images/DLd40JskHA0.jpg', '2022-11-14 17:02:44', 'Quisquam quae suscipit et tenetur et est officia'),
(120, 18, 'dolor', './html/images/DlOtP9NUvkQ.jpg', '2022-11-14 17:02:44', 'Quisquam quae suscipit et tenetur et est officia'),
(121, 8, 'dolor', './html/images/DOKB297F4jA.jpg', '2022-11-14 17:02:44', 'Quisquam quae suscipit et tenetur et est officia'),
(122, 12, 'dolor', './html/images/ds-THGjPC08.jpg', '2022-11-14 17:02:45', 'Quisquam quae suscipit et tenetur et est officia'),
(123, 5, 'dolor', './html/images/dvdPzwW6GKI.jpg', '2022-11-14 17:02:45', 'Quisquam quae suscipit et tenetur et est officia'),
(124, 12, 'dolor', './html/images/e-uqqSePs6o.jpg', '2022-11-14 17:02:45', 'Quisquam quae suscipit et tenetur et est officia'),
(125, 6, 'dolor', './html/images/E2JtTtAsdQk.jpg', '2022-11-14 17:02:45', 'Quisquam quae suscipit et tenetur et est officia'),
(126, 30, 'dolor', './html/images/E5acr4IMfxY.jpg', '2022-11-14 17:02:45', 'Quisquam quae suscipit et tenetur et est officia'),
(127, 5, 'dolor', './html/images/eaCOvfx-vHA.jpg', '2022-11-14 17:02:45', 'Quisquam quae suscipit et tenetur et est officia'),
(128, 21, 'dolor', './html/images/Eoo1zPsL3Pc.jpg', '2022-11-14 17:02:45', 'Quisquam quae suscipit et tenetur et est officia'),
(129, 10, 'dolor', './html/images/EOrYzveXKgU.jpg', '2022-11-14 17:02:45', 'Quisquam quae suscipit et tenetur et est officia'),
(130, 25, 'dolor', './html/images/ERPR5yR9SVs.jpg', '2022-11-14 17:02:45', 'Quisquam quae suscipit et tenetur et est officia'),
(131, 22, 'dolor', './html/images/eS-cam4l4Zo.jpg', '2022-11-14 17:02:45', 'Quisquam quae suscipit et tenetur et est officia'),
(132, 30, 'dolor', './html/images/et9C64wgaH8.jpg', '2022-11-14 17:02:46', 'Quisquam quae suscipit et tenetur et est officia'),
(133, 22, 'dolor', './html/images/ews1ibhtZ5Y.jpg', '2022-11-14 17:02:46', 'Quisquam quae suscipit et tenetur et est officia'),
(134, 12, 'dolor', './html/images/F4t8OEWsOCw.jpg', '2022-11-14 17:02:46', 'Quisquam quae suscipit et tenetur et est officia'),
(135, 29, 'dolor', './html/images/F5LwseAatzQ.jpg', '2022-11-14 17:02:46', 'Quisquam quae suscipit et tenetur et est officia'),
(136, 9, 'dolor', './html/images/f6cAd6KdIxE.jpg', '2022-11-14 17:02:46', 'Quisquam quae suscipit et tenetur et est officia'),
(137, 12, 'dolor', './html/images/f6r-0uBRTQA.jpg', '2022-11-14 17:02:46', 'Quisquam quae suscipit et tenetur et est officia'),
(138, 26, 'dolor', './html/images/fIAXpCWsb_8.jpg', '2022-11-14 17:02:46', 'Quisquam quae suscipit et tenetur et est officia'),
(139, 19, 'dolor', './html/images/FrIhQy5j37w.jpg', '2022-11-14 17:02:46', 'Quisquam quae suscipit et tenetur et est officia'),
(140, 5, 'dolor', './html/images/fsVGYbhJu0M.jpg', '2022-11-14 17:02:46', 'Quisquam quae suscipit et tenetur et est officia'),
(141, 29, 'dolor', './html/images/FW7NeaMmzJg.jpg', '2022-11-14 17:02:46', 'Quisquam quae suscipit et tenetur et est officia'),
(142, 20, 'dolor', './html/images/g-NqVkldQR8.jpg', '2022-11-14 17:02:47', 'Quisquam quae suscipit et tenetur et est officia'),
(143, 15, 'dolor', './html/images/g6PW6EkxHus.jpg', '2022-11-14 17:02:47', 'Quisquam quae suscipit et tenetur et est officia'),
(144, 31, 'dolor', './html/images/g9skM9Pa-JQ.jpg', '2022-11-14 17:02:47', 'Quisquam quae suscipit et tenetur et est officia'),
(145, 11, 'dolor', './html/images/gBGrZBf2sl8.jpg', '2022-11-14 17:02:47', 'Quisquam quae suscipit et tenetur et est officia'),
(146, 6, 'dolor', './html/images/GBw34kvbikI.jpg', '2022-11-14 17:02:47', 'Quisquam quae suscipit et tenetur et est officia'),
(147, 26, 'dolor', './html/images/GdcPCL_qq3c.jpg', '2022-11-14 17:02:47', 'Quisquam quae suscipit et tenetur et est officia'),
(148, 18, 'dolor', './html/images/GgpcPBATjxU.jpg', '2022-11-14 17:02:47', 'Quisquam quae suscipit et tenetur et est officia'),
(149, 25, 'dolor', './html/images/GiZtJ4juG44.jpg', '2022-11-14 17:02:47', 'Quisquam quae suscipit et tenetur et est officia'),
(150, 2, 'dolor', './html/images/GQ3CNPZm2SA.jpg', '2022-11-14 17:02:47', 'Quisquam quae suscipit et tenetur et est officia'),
(151, 18, 'dolor', './html/images/gRwE0C1ri48.jpg', '2022-11-14 17:02:47', 'Quisquam quae suscipit et tenetur et est officia'),
(152, 4, 'dolor', './html/images/gSwRRMxXk8k.jpg', '2022-11-14 17:02:48', 'Quisquam quae suscipit et tenetur et est officia'),
(153, 32, 'dolor', './html/images/gZUm1gBYqk4.jpg', '2022-11-14 17:02:48', 'Quisquam quae suscipit et tenetur et est officia'),
(154, 23, 'dolor', './html/images/G_ZbmyzW3I0.jpg', '2022-11-14 17:02:48', 'Quisquam quae suscipit et tenetur et est officia'),
(155, 15, 'dolor', './html/images/h7UZ60g8ei8.jpg', '2022-11-14 17:02:48', 'Quisquam quae suscipit et tenetur et est officia'),
(156, 10, 'dolor', './html/images/h9YVEWLk9vw.jpg', '2022-11-14 17:02:48', 'Quisquam quae suscipit et tenetur et est officia'),
(157, 30, 'dolor', './html/images/hA7tIZ2WTD4.jpg', '2022-11-14 17:02:48', 'Quisquam quae suscipit et tenetur et est officia'),
(158, 20, 'dolor', './html/images/hH5vd_NkEuw.jpg', '2022-11-14 17:02:48', 'Quisquam quae suscipit et tenetur et est officia'),
(159, 28, 'dolor', './html/images/HHuBxdwcVN0.jpg', '2022-11-14 17:02:48', 'Quisquam quae suscipit et tenetur et est officia'),
(160, 24, 'dolor', './html/images/hJB4V3OzYz0.jpg', '2022-11-14 17:02:48', 'Quisquam quae suscipit et tenetur et est officia'),
(161, 31, 'dolor', './html/images/hr4BFmQWYSU.jpg', '2022-11-14 17:02:49', 'Quisquam quae suscipit et tenetur et est officia'),
(162, 14, 'dolor', './html/images/hXjkJGK-kQY.jpg', '2022-11-14 17:02:49', 'Quisquam quae suscipit et tenetur et est officia'),
(163, 20, 'dolor', './html/images/HYFnaAvEY_A.jpg', '2022-11-14 17:02:49', 'Quisquam quae suscipit et tenetur et est officia'),
(164, 15, 'dolor', './html/images/hyS_Fm3yaOw.jpg', '2022-11-14 17:02:49', 'Quisquam quae suscipit et tenetur et est officia'),
(165, 10, 'dolor', './html/images/H_tfE3nccaQ.jpg', '2022-11-14 17:02:49', 'Quisquam quae suscipit et tenetur et est officia'),
(166, 12, 'dolor', './html/images/I-a49J6RGDs.jpg', '2022-11-14 17:02:49', 'Quisquam quae suscipit et tenetur et est officia'),
(167, 4, 'dolor', './html/images/I1L2-wmUW-A.jpg', '2022-11-14 17:02:49', 'Quisquam quae suscipit et tenetur et est officia'),
(168, 5, 'dolor', './html/images/I9wXip-cqvA.jpg', '2022-11-14 17:02:49', 'Quisquam quae suscipit et tenetur et est officia'),
(169, 16, 'dolor', './html/images/iB62CLrgqzU.jpg', '2022-11-14 17:02:49', 'Quisquam quae suscipit et tenetur et est officia'),
(170, 11, 'dolor', './html/images/ID3ybfyYAkg.jpg', '2022-11-14 17:02:52', 'Quisquam quae suscipit et tenetur et est officia'),
(171, 13, 'dolor', './html/images/iPp-oVleW9w.jpg', '2022-11-14 17:02:53', 'Quisquam quae suscipit et tenetur et est officia'),
(172, 18, 'dolor', './html/images/isoP75ijFoA.jpg', '2022-11-14 17:02:53', 'Quisquam quae suscipit et tenetur et est officia'),
(173, 25, 'dolor', './html/images/iy15vBhMiDk.jpg', '2022-11-14 17:02:53', 'Quisquam quae suscipit et tenetur et est officia'),
(174, 27, 'dolor', './html/images/IzYanqPrmdM.jpg', '2022-11-14 17:02:53', 'Quisquam quae suscipit et tenetur et est officia'),
(175, 23, 'dolor', './html/images/J56DfXaJlZo.jpg', '2022-11-14 17:02:53', 'Quisquam quae suscipit et tenetur et est officia'),
(176, 7, 'dolor', './html/images/jbP4IKlzXKA.jpg', '2022-11-14 17:02:53', 'Quisquam quae suscipit et tenetur et est officia'),
(177, 31, 'dolor', './html/images/jciLxE7pwOQ.jpg', '2022-11-14 17:02:53', 'Quisquam quae suscipit et tenetur et est officia'),
(178, 27, 'dolor', './html/images/jcwMtkxRa-M.jpg', '2022-11-14 17:02:53', 'Quisquam quae suscipit et tenetur et est officia'),
(179, 8, 'dolor', './html/images/jhLK6ruJiok.jpg', '2022-11-14 17:02:54', 'Quisquam quae suscipit et tenetur et est officia'),
(180, 19, 'dolor', './html/images/jKLZsFCa-0U.jpg', '2022-11-14 17:02:54', 'Quisquam quae suscipit et tenetur et est officia'),
(181, 25, 'dolor', './html/images/JmuNlrQoF-M.jpg', '2022-11-14 17:02:54', 'Quisquam quae suscipit et tenetur et est officia'),
(182, 27, 'dolor', './html/images/jqEkjKVWs0o.jpg', '2022-11-14 17:02:54', 'Quisquam quae suscipit et tenetur et est officia'),
(183, 31, 'dolor', './html/images/JqYkrC44FF0.jpg', '2022-11-14 17:02:54', 'Quisquam quae suscipit et tenetur et est officia'),
(184, 12, 'dolor', './html/images/JxtGLEQ-p-Q.jpg', '2022-11-14 17:02:54', 'Quisquam quae suscipit et tenetur et est officia'),
(185, 27, 'dolor', './html/images/kAWe_5SyqO4.jpg', '2022-11-14 17:02:54', 'Quisquam quae suscipit et tenetur et est officia'),
(186, 14, 'dolor', './html/images/kbxFnpHSx5c.jpg', '2022-11-14 17:02:54', 'Quisquam quae suscipit et tenetur et est officia'),
(187, 23, 'dolor', './html/images/KfBw7CdCj20.jpg', '2022-11-14 17:02:54', 'Quisquam quae suscipit et tenetur et est officia'),
(188, 27, 'dolor', './html/images/KgSFpsjjJUs.jpg', '2022-11-14 17:02:55', 'Quisquam quae suscipit et tenetur et est officia'),
(189, 29, 'dolor', './html/images/khwlGj_C_8M.jpg', '2022-11-14 17:02:55', 'Quisquam quae suscipit et tenetur et est officia'),
(190, 20, 'dolor', './html/images/klbggBNoqHg.jpg', '2022-11-14 17:02:55', 'Quisquam quae suscipit et tenetur et est officia'),
(191, 17, 'dolor', './html/images/KRieXqgZss8.jpg', '2022-11-14 17:02:55', 'Quisquam quae suscipit et tenetur et est officia'),
(192, 21, 'dolor', './html/images/KS34l-LRXlo.jpg', '2022-11-14 17:02:55', 'Quisquam quae suscipit et tenetur et est officia'),
(193, 27, 'dolor', './html/images/l3JFOycKri0.jpg', '2022-11-14 17:02:55', 'Quisquam quae suscipit et tenetur et est officia'),
(194, 25, 'dolor', './html/images/lawMJClHSig.jpg', '2022-11-14 17:02:55', 'Quisquam quae suscipit et tenetur et est officia'),
(195, 4, 'dolor', './html/images/lps_m4EAtBE.jpg', '2022-11-14 17:02:55', 'Quisquam quae suscipit et tenetur et est officia'),
(196, 25, 'dolor', './html/images/lsOEFt9YgeY.jpg', '2022-11-14 17:02:55', 'Quisquam quae suscipit et tenetur et est officia'),
(197, 19, 'dolor', './html/images/lUMXmmpLAi8.jpg', '2022-11-14 17:02:56', 'Quisquam quae suscipit et tenetur et est officia'),
(198, 31, 'dolor', './html/images/lw-FFRtqbq0.jpg', '2022-11-14 17:02:56', 'Quisquam quae suscipit et tenetur et est officia'),
(199, 32, 'dolor', './html/images/LZoCfIAYGl0.jpg', '2022-11-14 17:02:56', 'Quisquam quae suscipit et tenetur et est officia'),
(200, 31, 'dolor', './html/images/M-aIKzNIvFo.jpg', '2022-11-14 17:02:56', 'Quisquam quae suscipit et tenetur et est officia'),
(201, 14, 'dolor', './html/images/m6zP4mdWlsA.jpg', '2022-11-14 17:02:56', 'Quisquam quae suscipit et tenetur et est officia'),
(202, 19, 'dolor', './html/images/m9NbxsHVWIQ.jpg', '2022-11-14 17:02:56', 'Quisquam quae suscipit et tenetur et est officia'),
(203, 21, 'dolor', './html/images/m9U9mLq0Ikk.jpg', '2022-11-14 17:02:56', 'Quisquam quae suscipit et tenetur et est officia'),
(204, 8, 'dolor', './html/images/mBrzI2Ry-Kg.jpg', '2022-11-14 17:02:56', 'Quisquam quae suscipit et tenetur et est officia'),
(205, 18, 'dolor', './html/images/mEvk5hBPP1M.jpg', '2022-11-14 17:02:56', 'Quisquam quae suscipit et tenetur et est officia'),
(206, 6, 'dolor', './html/images/MZKEqRie4-Y.jpg', '2022-11-14 17:02:57', 'Quisquam quae suscipit et tenetur et est officia'),
(207, 12, 'dolor', './html/images/N-TDWeXldEY.jpg', '2022-11-14 17:02:57', 'Quisquam quae suscipit et tenetur et est officia'),
(208, 3, 'dolor', './html/images/N3FCSG2J1Gc.jpg', '2022-11-14 17:02:57', 'Quisquam quae suscipit et tenetur et est officia'),
(209, 18, 'dolor', './html/images/n4F2WcQuT04.jpg', '2022-11-14 17:02:57', 'Quisquam quae suscipit et tenetur et est officia'),
(210, 18, 'dolor', './html/images/n9r-A6MItkU.jpg', '2022-11-14 17:02:57', 'Quisquam quae suscipit et tenetur et est officia'),
(211, 25, 'dolor', './html/images/nasC0RJ7TPc.jpg', '2022-11-14 17:02:57', 'Quisquam quae suscipit et tenetur et est officia'),
(212, 11, 'dolor', './html/images/ni0FHXDMTVI.jpg', '2022-11-14 17:02:58', 'Quisquam quae suscipit et tenetur et est officia'),
(213, 2, 'dolor', './html/images/NIpylF2l72Q.jpg', '2022-11-14 17:02:58', 'Quisquam quae suscipit et tenetur et est officia'),
(214, 4, 'dolor', './html/images/NMAMXRocSeo.jpg', '2022-11-14 17:02:58', 'Quisquam quae suscipit et tenetur et est officia'),
(215, 25, 'dolor', './html/images/nMq5-UCe07M.jpg', '2022-11-14 17:02:58', 'Quisquam quae suscipit et tenetur et est officia'),
(216, 13, 'dolor', './html/images/nNSclHnlrcE.jpg', '2022-11-14 17:02:58', 'Quisquam quae suscipit et tenetur et est officia'),
(217, 13, 'dolor', './html/images/NTmtlESDsL8.jpg', '2022-11-14 17:02:58', 'Quisquam quae suscipit et tenetur et est officia'),
(218, 8, 'dolor', './html/images/nvhJ35pXNzY.jpg', '2022-11-14 17:02:59', 'Quisquam quae suscipit et tenetur et est officia'),
(219, 17, 'dolor', './html/images/Nwe9ImL8aJU.jpg', '2022-11-14 17:02:59', 'Quisquam quae suscipit et tenetur et est officia'),
(220, 5, 'dolor', './html/images/Nw_O4pvjRCI.jpg', '2022-11-14 17:02:59', 'Quisquam quae suscipit et tenetur et est officia'),
(221, 5, 'dolor', './html/images/nYfx6BtdEeE.jpg', '2022-11-14 17:02:59', 'Quisquam quae suscipit et tenetur et est officia'),
(222, 7, 'dolor', './html/images/O7vlk7TyFSM.jpg', '2022-11-14 17:02:59', 'Quisquam quae suscipit et tenetur et est officia'),
(223, 11, 'dolor', './html/images/o7xUemKmyjY.jpg', '2022-11-14 17:02:59', 'Quisquam quae suscipit et tenetur et est officia'),
(224, 11, 'dolor', './html/images/oaowQ2f1GuE.jpg', '2022-11-14 17:02:59', 'Quisquam quae suscipit et tenetur et est officia'),
(225, 12, 'dolor', './html/images/obLowNNZ5jI.jpg', '2022-11-14 17:02:59', 'Quisquam quae suscipit et tenetur et est officia'),
(226, 22, 'dolor', './html/images/oiVFz3qxJmk.jpg', '2022-11-14 17:02:59', 'Quisquam quae suscipit et tenetur et est officia'),
(227, 16, 'dolor', './html/images/oj91KFhKoRY.jpg', '2022-11-14 17:02:59', 'Quisquam quae suscipit et tenetur et est officia'),
(228, 32, 'dolor', './html/images/OJnaMT6EmXY.jpg', '2022-11-14 17:03:00', 'Quisquam quae suscipit et tenetur et est officia'),
(229, 27, 'dolor', './html/images/OKxl_w56rDU.jpg', '2022-11-14 17:03:00', 'Quisquam quae suscipit et tenetur et est officia'),
(230, 31, 'dolor', './html/images/OLOrFQhT82M.jpg', '2022-11-14 17:03:00', 'Quisquam quae suscipit et tenetur et est officia'),
(231, 29, 'dolor', './html/images/Onn5cCtX5xo.jpg', '2022-11-14 17:03:00', 'Quisquam quae suscipit et tenetur et est officia'),
(232, 29, 'dolor', './html/images/ooCe3vpz8s8.jpg', '2022-11-14 17:03:00', 'Quisquam quae suscipit et tenetur et est officia'),
(233, 13, 'dolor', './html/images/ooXUTxJDp5s.jpg', '2022-11-14 17:03:00', 'Quisquam quae suscipit et tenetur et est officia'),
(234, 2, 'dolor', './html/images/OqGg0g54tX4.jpg', '2022-11-14 17:03:00', 'Quisquam quae suscipit et tenetur et est officia'),
(235, 7, 'dolor', './html/images/OvdsUrd3_0w.jpg', '2022-11-14 17:03:00', 'Quisquam quae suscipit et tenetur et est officia'),
(236, 23, 'dolor', './html/images/pa9aUUzyNOk.jpg', '2022-11-14 17:03:00', 'Quisquam quae suscipit et tenetur et est officia'),
(237, 28, 'dolor', './html/images/pc7yGTMBIzw.jpg', '2022-11-14 17:03:01', 'Quisquam quae suscipit et tenetur et est officia'),
(238, 14, 'dolor', './html/images/pGrVRks2rwc.jpg', '2022-11-14 17:03:01', 'Quisquam quae suscipit et tenetur et est officia'),
(239, 27, 'dolor', './html/images/pntpREmXsBU.jpg', '2022-11-14 17:03:01', 'Quisquam quae suscipit et tenetur et est officia'),
(240, 8, 'dolor', './html/images/PqQczLH4jQQ.jpg', '2022-11-14 17:03:01', 'Quisquam quae suscipit et tenetur et est officia'),
(241, 17, 'dolor', './html/images/PTXO7a35rFY.jpg', '2022-11-14 17:03:01', 'Quisquam quae suscipit et tenetur et est officia'),
(242, 25, 'dolor', './html/images/PuVGEobZK3M.jpg', '2022-11-14 17:03:01', 'Quisquam quae suscipit et tenetur et est officia'),
(243, 15, 'dolor', './html/images/PWDawuhX4Yw.jpg', '2022-11-14 17:03:01', 'Quisquam quae suscipit et tenetur et est officia'),
(244, 28, 'dolor', './html/images/pXsn5hPFsKY.jpg', '2022-11-14 17:03:01', 'Quisquam quae suscipit et tenetur et est officia'),
(245, 3, 'dolor', './html/images/q5tQtPZ7j2k.jpg', '2022-11-14 17:03:01', 'Quisquam quae suscipit et tenetur et est officia'),
(246, 23, 'dolor', './html/images/qajM_idSHc0.jpg', '2022-11-14 17:03:02', 'Quisquam quae suscipit et tenetur et est officia'),
(247, 15, 'dolor', './html/images/QeKZjpn15W4.jpg', '2022-11-14 17:03:02', 'Quisquam quae suscipit et tenetur et est officia'),
(248, 13, 'dolor', './html/images/qe_BUuDDj8k.jpg', '2022-11-14 17:03:02', 'Quisquam quae suscipit et tenetur et est officia'),
(249, 8, 'dolor', './html/images/qFfRzchXvoI.jpg', '2022-11-14 17:03:02', 'Quisquam quae suscipit et tenetur et est officia'),
(250, 32, 'test', './html/images/qH_bngYUSac.jpg', '2022-11-14 17:18:30', 'test'),
(251, 31, 'dolor', './html/images/qi_HNlbCff0.jpg', '2022-11-14 17:25:30', 'Quisquam quae suscipit et tenetur et est officia'),
(252, 9, 'dolor', './html/images/qjqoBGBGVGg.jpg', '2022-11-14 17:25:30', 'Quisquam quae suscipit et tenetur et est officia'),
(253, 18, 'dolor', './html/images/QlTu3E7DPUM.jpg', '2022-11-14 17:25:30', 'Quisquam quae suscipit et tenetur et est officia'),
(254, 11, 'dolor', './html/images/QNkEQjyylXU.jpg', '2022-11-14 17:25:30', 'Quisquam quae suscipit et tenetur et est officia'),
(255, 29, 'dolor', './html/images/QPtQ2sKkElo.jpg', '2022-11-14 17:25:30', 'Quisquam quae suscipit et tenetur et est officia'),
(256, 27, 'dolor', './html/images/QR8voIRRgGc.jpg', '2022-11-14 17:25:30', 'Quisquam quae suscipit et tenetur et est officia'),
(257, 20, 'dolor', './html/images/qR9GLGAcrLA.jpg', '2022-11-14 17:25:30', 'Quisquam quae suscipit et tenetur et est officia'),
(258, 29, 'dolor', './html/images/QS3KFGB69I8.jpg', '2022-11-14 17:25:30', 'Quisquam quae suscipit et tenetur et est officia'),
(259, 5, 'dolor', './html/images/qSkoFR9Fn70.jpg', '2022-11-14 17:25:30', 'Quisquam quae suscipit et tenetur et est officia'),
(260, 14, 'dolor', './html/images/Qt6vVDXwF6c.jpg', '2022-11-14 17:25:30', 'Quisquam quae suscipit et tenetur et est officia'),
(261, 21, 'dolor', './html/images/Q_iZwBxmZyc.jpg', '2022-11-14 17:25:31', 'Quisquam quae suscipit et tenetur et est officia'),
(262, 25, 'dolor', './html/images/q_kgvAiX2Pg.jpg', '2022-11-14 17:25:31', 'Quisquam quae suscipit et tenetur et est officia'),
(263, 18, 'dolor', './html/images/R-u8F3OuZiE.jpg', '2022-11-14 17:25:31', 'Quisquam quae suscipit et tenetur et est officia'),
(264, 23, 'dolor', './html/images/RbWomqy_bXI.jpg', '2022-11-14 17:25:31', 'Quisquam quae suscipit et tenetur et est officia'),
(265, 8, 'dolor', './html/images/rcGLvXOK1BQ.jpg', '2022-11-14 17:25:31', 'Quisquam quae suscipit et tenetur et est officia'),
(266, 9, 'dolor', './html/images/RPS5Pyo-PjM.jpg', '2022-11-14 17:25:31', 'Quisquam quae suscipit et tenetur et est officia'),
(267, 2, 'dolor', './html/images/RqJzlkcEcJE.jpg', '2022-11-14 17:25:31', 'Quisquam quae suscipit et tenetur et est officia'),
(268, 8, 'dolor', './html/images/RrlrzF9fmVY.jpg', '2022-11-14 17:25:31', 'Quisquam quae suscipit et tenetur et est officia'),
(269, 22, 'dolor', './html/images/rS2yEGG_4SQ.jpg', '2022-11-14 17:25:31', 'Quisquam quae suscipit et tenetur et est officia'),
(270, 12, 'dolor', './html/images/RsrdQDqWkQs.jpg', '2022-11-14 17:25:32', 'Quisquam quae suscipit et tenetur et est officia'),
(271, 25, 'dolor', './html/images/rWEwqf2goDg.jpg', '2022-11-14 17:25:32', 'Quisquam quae suscipit et tenetur et est officia'),
(272, 2, 'dolor', './html/images/RX42_CPQk7Y.jpg', '2022-11-14 17:25:32', 'Quisquam quae suscipit et tenetur et est officia'),
(273, 26, 'dolor', './html/images/s6iKxWUizDk.jpg', '2022-11-14 17:25:32', 'Quisquam quae suscipit et tenetur et est officia'),
(274, 17, 'dolor', './html/images/sF9KnfxbLRw.jpg', '2022-11-14 17:25:32', 'Quisquam quae suscipit et tenetur et est officia'),
(275, 27, 'dolor', './html/images/sNUX-PFEfwM.jpg', '2022-11-14 17:25:32', 'Quisquam quae suscipit et tenetur et est officia'),
(276, 30, 'dolor', './html/images/SshgOkevImg.jpg', '2022-11-14 17:25:32', 'Quisquam quae suscipit et tenetur et est officia'),
(277, 30, 'dolor', './html/images/S_28CdEI9iM.jpg', '2022-11-14 17:25:32', 'Quisquam quae suscipit et tenetur et est officia'),
(278, 10, 'dolor', './html/images/T2PbLfyDEKw.jpg', '2022-11-14 17:25:32', 'Quisquam quae suscipit et tenetur et est officia'),
(279, 25, 'dolor', './html/images/TdEuFhujhH0.jpg', '2022-11-14 17:25:33', 'Quisquam quae suscipit et tenetur et est officia'),
(280, 4, 'dolor', './html/images/tl02l3oEmo0.jpg', '2022-11-14 17:25:33', 'Quisquam quae suscipit et tenetur et est officia'),
(281, 2, 'dolor', './html/images/trkyfzBKhR8.jpg', '2022-11-14 17:25:33', 'Quisquam quae suscipit et tenetur et est officia'),
(282, 7, 'dolor', './html/images/tVMOgzEVBi0.jpg', '2022-11-14 17:25:33', 'Quisquam quae suscipit et tenetur et est officia'),
(283, 28, 'dolor', './html/images/TwUj5YOu9Tc.jpg', '2022-11-14 17:25:33', 'Quisquam quae suscipit et tenetur et est officia'),
(284, 22, 'dolor', './html/images/U-4tgZLCJpM.jpg', '2022-11-14 17:25:33', 'Quisquam quae suscipit et tenetur et est officia'),
(285, 12, 'dolor', './html/images/U2IySwDnIso.jpg', '2022-11-14 17:25:33', 'Quisquam quae suscipit et tenetur et est officia'),
(286, 11, 'dolor', './html/images/U3CSozkBUZo.jpg', '2022-11-14 17:25:33', 'Quisquam quae suscipit et tenetur et est officia'),
(287, 22, 'dolor', './html/images/uf4Ai_E0aOw.jpg', '2022-11-14 17:25:33', 'Quisquam quae suscipit et tenetur et est officia'),
(288, 17, 'dolor', './html/images/uGeatFJ81xw.jpg', '2022-11-14 17:25:33', 'Quisquam quae suscipit et tenetur et est officia'),
(289, 4, 'dolor', './html/images/uGEdE54Wxo4.jpg', '2022-11-14 17:25:34', 'Quisquam quae suscipit et tenetur et est officia'),
(290, 2, 'dolor', './html/images/UHGZVk6WAkw.jpg', '2022-11-14 17:25:34', 'Quisquam quae suscipit et tenetur et est officia'),
(291, 26, 'dolor', './html/images/uLKMNJeKJPI.jpg', '2022-11-14 17:25:34', 'Quisquam quae suscipit et tenetur et est officia'),
(292, 12, 'dolor', './html/images/UOaVlQdAdn8.jpg', '2022-11-14 17:25:34', 'Quisquam quae suscipit et tenetur et est officia'),
(293, 4, 'dolor', './html/images/uq1sIcmhcRA.jpg', '2022-11-14 17:25:34', 'Quisquam quae suscipit et tenetur et est officia'),
(294, 18, 'dolor', './html/images/UQAdy2jQ02c.jpg', '2022-11-14 17:25:34', 'Quisquam quae suscipit et tenetur et est officia'),
(295, 19, 'dolor', './html/images/Urswd-FyNb8.jpg', '2022-11-14 17:25:34', 'Quisquam quae suscipit et tenetur et est officia'),
(296, 23, 'dolor', './html/images/urv1dNRYKC8.jpg', '2022-11-14 17:25:34', 'Quisquam quae suscipit et tenetur et est officia'),
(297, 13, 'dolor', './html/images/uSPFQBck0ec.jpg', '2022-11-14 17:25:34', 'Quisquam quae suscipit et tenetur et est officia'),
(298, 6, 'dolor', './html/images/utF7x8Htl5k.jpg', '2022-11-14 17:25:35', 'Quisquam quae suscipit et tenetur et est officia'),
(299, 8, 'dolor', './html/images/v--oGNbQ2y8.jpg', '2022-11-14 17:25:35', 'Quisquam quae suscipit et tenetur et est officia'),
(300, 9, 'dolor', './html/images/V7fg6vWb2S4.jpg', '2022-11-14 17:25:35', 'Quisquam quae suscipit et tenetur et est officia'),
(301, 11, 'dolor', './html/images/va-GFCiyd9Y.jpg', '2022-11-14 17:25:35', 'Quisquam quae suscipit et tenetur et est officia'),
(302, 3, 'dolor', './html/images/vHahuBSo9t8.jpg', '2022-11-14 17:25:35', 'Quisquam quae suscipit et tenetur et est officia'),
(303, 4, 'dolor', './html/images/vIVG442unO8.jpg', '2022-11-14 17:25:35', 'Quisquam quae suscipit et tenetur et est officia'),
(304, 28, 'dolor', './html/images/VN9exdArMtg.jpg', '2022-11-14 17:25:35', 'Quisquam quae suscipit et tenetur et est officia'),
(305, 2, 'dolor', './html/images/vNQ57VEqceY.jpg', '2022-11-14 17:25:35', 'Quisquam quae suscipit et tenetur et est officia'),
(306, 20, 'dolor', './html/images/VT3EX3y_TG4.jpg', '2022-11-14 17:25:35', 'Quisquam quae suscipit et tenetur et est officia'),
(307, 12, 'dolor', './html/images/vTVNhWdLp_0.jpg', '2022-11-14 17:25:36', 'Quisquam quae suscipit et tenetur et est officia'),
(308, 2, 'dolor', './html/images/W0KxjEb2oEs.jpg', '2022-11-14 17:25:36', 'Quisquam quae suscipit et tenetur et est officia'),
(309, 6, 'dolor', './html/images/w1IIJgODcwE.jpg', '2022-11-14 17:25:36', 'Quisquam quae suscipit et tenetur et est officia'),
(310, 4, 'dolor', './html/images/w3BLOw08bpc.jpg', '2022-11-14 17:25:36', 'Quisquam quae suscipit et tenetur et est officia'),
(311, 25, 'dolor', './html/images/W82Dpf3qwjU.jpg', '2022-11-14 17:25:36', 'Quisquam quae suscipit et tenetur et est officia'),
(312, 10, 'dolor', './html/images/W8F69eUHh0w.jpg', '2022-11-14 17:25:36', 'Quisquam quae suscipit et tenetur et est officia'),
(313, 17, 'dolor', './html/images/wE9HbnizdLU.jpg', '2022-11-14 17:25:36', 'Quisquam quae suscipit et tenetur et est officia'),
(314, 23, 'dolor', './html/images/wHI6d5CMir4.jpg', '2022-11-14 17:25:36', 'Quisquam quae suscipit et tenetur et est officia'),
(315, 6, 'dolor', './html/images/WLfGbHPm5H8.jpg', '2022-11-14 17:25:36', 'Quisquam quae suscipit et tenetur et est officia'),
(316, 21, 'dolor', './html/images/WphTUF_H0gs.jpg', '2022-11-14 17:25:36', 'Quisquam quae suscipit et tenetur et est officia'),
(317, 29, 'dolor', './html/images/WVt4DjQjDyE.jpg', '2022-11-14 17:25:37', 'Quisquam quae suscipit et tenetur et est officia'),
(318, 30, 'dolor', './html/images/wvtorL2ww1A.jpg', '2022-11-14 17:25:37', 'Quisquam quae suscipit et tenetur et est officia'),
(319, 18, 'dolor', './html/images/XAX55vEx2Go.jpg', '2022-11-14 17:25:37', 'Quisquam quae suscipit et tenetur et est officia'),
(320, 9, 'dolor', './html/images/XBhVhRTK5b4.jpg', '2022-11-14 17:25:37', 'Quisquam quae suscipit et tenetur et est officia'),
(321, 24, 'dolor', './html/images/XbUrGBeZ_XE.jpg', '2022-11-14 17:25:37', 'Quisquam quae suscipit et tenetur et est officia'),
(322, 15, 'dolor', './html/images/XdwRvnsmpko.jpg', '2022-11-14 17:25:37', 'Quisquam quae suscipit et tenetur et est officia'),
(323, 12, 'dolor', './html/images/XH-BE3FEv4g.jpg', '2022-11-14 17:25:37', 'Quisquam quae suscipit et tenetur et est officia'),
(324, 9, 'dolor', './html/images/XJmIj4UMkdQ.jpg', '2022-11-14 17:25:37', 'Quisquam quae suscipit et tenetur et est officia'),
(325, 28, 'dolor', './html/images/xJR3WdIopZY.jpg', '2022-11-14 17:25:37', 'Quisquam quae suscipit et tenetur et est officia'),
(326, 13, 'dolor', './html/images/XKgBfFbZFNg.jpg', '2022-11-14 17:25:38', 'Quisquam quae suscipit et tenetur et est officia'),
(327, 25, 'dolor', './html/images/XoS0Slkzgdk.jpg', '2022-11-14 17:25:38', 'Quisquam quae suscipit et tenetur et est officia'),
(328, 21, 'dolor', './html/images/xSH5uuRxktc.jpg', '2022-11-14 17:25:38', 'Quisquam quae suscipit et tenetur et est officia'),
(329, 20, 'dolor', './html/images/xUDHVUJia18.jpg', '2022-11-14 17:25:38', 'Quisquam quae suscipit et tenetur et est officia'),
(330, 28, 'dolor', './html/images/y-oGGT2_5Qg.jpg', '2022-11-14 17:25:38', 'Quisquam quae suscipit et tenetur et est officia'),
(334, 87, 'dsgsgsdg', './html/images/29-360x360.jpg', '2022-11-14 18:10:08', 'gsdgdsgds');

-- --------------------------------------------------------

--
-- Structure de la table `Tags`
--

CREATE TABLE `Tags` (
  `id` int(11) NOT NULL,
  `id_img` int(11) NOT NULL,
  `id_gallery` int(11) NOT NULL,
  `tag` text COLLATE utf8mb4_unicode_ci NOT NULL
) ENGINE=InnoDB DEFAULT CHARSET=utf8mb4 COLLATE=utf8mb4_unicode_ci;

--
-- Déchargement des données de la table `Tags`
--

INSERT INTO `Tags` (`id`, `id_img`, `id_gallery`, `tag`) VALUES
(1, 0, 7, '#voluptatem'),
(2, 10, 0, '#dicta'),
(3, 26, 0, '#ut'),
(4, 0, 14, '#natus'),
(5, 54, 0, '#sed'),
(6, 0, 4, '#voluptas'),
(7, 1, 0, '#ut'),
(8, 0, 13, '#inventore'),
(9, 15, 0, '#voluptatibus'),
(10, 0, 18, '#ratione'),
(11, 46, 0, '#laboriosam'),
(12, 19, 0, '#eaque'),
(13, 0, 26, '#et'),
(14, 25, 0, '#quis'),
(15, 0, 26, '#dolores'),
(16, 38, 0, '#aut'),
(17, 34, 0, '#aut'),
(18, 2, 0, '#in'),
(19, 45, 0, '#dolor'),
(20, 0, 7, '#et'),
(21, 0, 19, '#totam'),
(22, 0, 6, '#aut'),
(23, 0, 1, '#ad'),
(24, 50, 0, '#beatae'),
(25, 33, 0, '#aut'),
(26, 0, 18, '#consectetur'),
(27, 0, 30, '#eaque'),
(28, 0, 6, '#nesciunt'),
(29, 0, 3, '#impedit'),
(30, 0, 23, '#expedita'),
(31, 0, 11, '#aut'),
(32, 0, 12, '#illo'),
(33, 58, 0, '#aut'),
(34, 43, 0, '#consequatur'),
(35, 0, 5, '#assumenda'),
(36, 25, 0, '#a'),
(37, 0, 19, '#perferendis'),
(38, 0, 17, '#nisi'),
(39, 42, 0, '#voluptatem'),
(40, 19, 0, '#repudiandae'),
(41, 50, 0, '#molestias'),
(42, 20, 0, '#placeat'),
(43, 53, 0, '#odio'),
(44, 17, 0, '#impedit'),
(45, 0, 29, '#minus'),
(46, 27, 0, '#laudantium'),
(47, 0, 11, '#quaerat'),
(48, 0, 2, '#omnis'),
(49, 38, 0, '#laboriosam'),
(50, 0, 29, '#doloremque'),
(51, 21, 0, '#deserunt'),
(52, 0, 7, '#inventore'),
(53, 29, 0, '#et'),
(54, 0, 9, '#voluptatibus'),
(55, 31, 0, '#autem'),
(56, 43, 0, '#qui'),
(57, 0, 3, '#quisquam'),
(58, 59, 0, '#in'),
(59, 28, 0, '#rerum'),
(60, 24, 0, '#vitae'),
(61, 43, 0, '#et'),
(62, 58, 0, '#nihil'),
(63, 0, 21, '#quas'),
(64, 36, 0, '#deserunt'),
(65, 40, 0, '#iusto'),
(66, 0, 19, '#distinctio'),
(67, 0, 28, '#neque'),
(68, 0, 6, '#at'),
(69, 14, 0, '#odio'),
(70, 60, 0, '#quam'),
(71, 39, 0, '#deserunt'),
(72, 58, 0, '#rerum'),
(73, 0, 2, '#ut'),
(74, 0, 15, '#autem'),
(75, 46, 0, '#ut'),
(76, 2, 0, '#dolorem'),
(77, 23, 0, '#pariatur'),
(78, 0, 10, '#laudantium'),
(79, 0, 26, '#rerum'),
(80, 0, 8, '#ut'),
(81, 33, 0, '#'),
(82, 34, 0, '#'),
(83, 35, 0, '#pomme'),
(84, 35, 0, '#poire'),
(85, 36, 0, '#tag1'),
(86, 36, 0, '#tag2'),
(87, 37, 0, '#tag1'),
(88, 37, 0, '#tag2'),
(89, 38, 0, '#tag3'),
(90, 38, 0, '#tag5'),
(91, 39, 0, '#tag4'),
(92, 39, 0, '#tag7'),
(93, 0, 40, '#paul'),
(94, 0, 40, '#paul2'),
(95, 0, 41, '#paul4'),
(96, 0, 41, '#paul5'),
(97, 0, 42, '#poire'),
(98, 0, 42, '#paul'),
(99, 0, 43, '#pomme'),
(100, 0, 43, '#poile'),
(101, 0, 44, '#boom'),
(102, 0, 44, '#boom2'),
(103, 0, 45, '#tag2'),
(104, 0, 45, '#tag3'),
(105, 0, 46, '#tag3'),
(106, 0, 46, '#tag5'),
(107, 0, 47, '#pomme'),
(108, 0, 47, '#poibdfbdf'),
(109, 0, 48, '#poire'),
(110, 0, 48, '#mhoyoetk'),
(111, 0, 49, '#poire'),
(112, 0, 49, '#pohyth'),
(113, 0, 50, '#pomme'),
(114, 0, 50, '#poire'),
(115, 0, 51, '#paul4'),
(116, 0, 51, '#paul5'),
(117, 0, 52, '#sdgsdghd'),
(118, 0, 52, '#j'),
(119, 0, 52, '#hjkhk'),
(120, 0, 53, '#hgfhgfh'),
(121, 0, 53, '#fgjgfjf'),
(122, 0, 54, '#treter'),
(123, 0, 55, '#erterte'),
(124, 0, 56, '#ezezrez'),
(125, 0, 57, '#tag1'),
(126, 0, 57, '# tag2'),
(127, 0, 58, '#fqsfs'),
(128, 0, 59, '#yrhrhr'),
(129, 0, 60, '#gfgdfgdf'),
(130, 0, 61, '#ybvcbc'),
(131, 0, 62, '#fdgdf'),
(132, 0, 63, '#ggdfgd'),
(133, 0, 64, '#Ma nouvelle galerie tag'),
(134, 0, 65, '#fdsf'),
(135, 0, 66, '#gfdgdfg'),
(136, 0, 67, '#pomme2'),
(137, 61, 0, '#Image1Tag'),
(138, 0, 68, '#galerie2tag'),
(139, 62, 0, '#Image2Tag'),
(140, 0, 69, '#tyutyuty'),
(141, 63, 0, '#ttyrytr'),
(142, 0, 70, '#rtyrtytr'),
(143, 64, 0, '#treter'),
(144, 0, 71, '#hfhbnn'),
(145, 65, 0, '#hgfjhgj'),
(146, 0, 72, '#trztrzt'),
(147, 66, 0, '#teztez'),
(148, 0, 73, '#ezrezrezr'),
(149, 67, 0, '#hgfhgfh'),
(150, 0, 74, '#bfbdfb'),
(151, 68, 0, '#hgjghjg'),
(152, 0, 75, '#tertret'),
(153, 69, 0, '#gfhgfh'),
(154, 0, 76, '#gfsgdfg'),
(155, 70, 0, '#yettry'),
(156, 0, 77, '#fdsfsdf'),
(157, 71, 0, '#hjgjgh'),
(158, 0, 78, '#erdfgdfg'),
(159, 72, 0, '#cbvcbcv'),
(160, 0, 79, '#top'),
(161, 0, 79, '#clique'),
(162, 73, 0, '#landscape'),
(163, 73, 0, '#chill'),
(166, 74, 0, '#4K'),
(167, 74, 0, '#gris'),
(171, 75, 0, '#dream'),
(172, 75, 0, '#trip'),
(173, 76, 0, '#tag1'),
(174, 76, 0, '#tag2'),
(175, 77, 0, '#fdgfdg'),
(176, 78, 0, '#test'),
(177, 0, 81, '#GalleryTestTag'),
(178, 79, 0, '#TestImageTag'),
(179, 0, 80, '#paysages'),
(180, 0, 80, '#chill'),
(181, 0, 80, '#dream'),
(182, 0, 82, '#test'),
(183, 80, 0, '#test1'),
(184, 81, 0, '#test1'),
(185, 82, 0, '#test1'),
(186, 83, 0, '#test1'),
(187, 84, 0, '#test1'),
(188, 0, 83, '#test'),
(189, 85, 0, '#gsdgdsg'),
(190, 86, 0, '#gfdgdfg'),
(191, 0, 84, '#test'),
(192, 87, 0, '#test'),
(193, 88, 0, '#test'),
(194, 0, 85, '#test'),
(195, 89, 0, '#test'),
(196, 0, 86, '#test'),
(197, 250, 0, '#test'),
(198, 0, 87, '#gf hvjb'),
(199, 331, 0, '#gvjuhbknl'),
(200, 331, 0, '#'),
(201, 0, 88, '#non'),
(202, 0, 89, '#non'),
(203, 0, 90, '#non'),
(204, 332, 0, '#azazaz'),
(205, 333, 0, '#money'),
(206, 334, 0, '#gsdgdsgs');

-- --------------------------------------------------------

--
-- Structure de la table `Users`
--

CREATE TABLE `Users` (
  `id` int(11) NOT NULL,
  `first_name` text COLLATE utf8mb4_unicode_ci NOT NULL,
  `last_name` text COLLATE utf8mb4_unicode_ci NOT NULL,
  `password` text COLLATE utf8mb4_unicode_ci NOT NULL,
  `pseudo` varchar(150) COLLATE utf8mb4_unicode_ci NOT NULL
) ENGINE=InnoDB DEFAULT CHARSET=utf8mb4 COLLATE=utf8mb4_unicode_ci;

--
-- Déchargement des données de la table `Users`
--

INSERT INTO `Users` (`id`, `first_name`, `last_name`, `password`, `pseudo`) VALUES
(1, 'Antoine', 'Lesage', '$2y$10$ovCvT3oqESqIIUvmpyEcmeZbd5j24jUoYUsMK0kB0budiH1MMTK3S', 'Antoine.Lesage7'),
(2, 'Zoé', 'Chretien', '$2y$10$N3fmJke6nFmyLJx8LMDChuynIt9ey9HDgDH.BTuhTFzPGOzRY.2IW', 'Zoé.Chretien6'),
(3, 'Nath', 'Arnaud', '$2y$10$FtzQ3J/Xlq4LuYALV3xOruxpXLmKWZazqUgxs2sJ6PlHTsDoqXIH.', 'Nath.Arnaud7'),
(4, 'Alain', 'Rolland', '$2y$10$l7Is/mYYw5G1hR9DBUz9wezpfyA9i8pmUGDmPzBHUs025fjyffWXq', 'Alain.Rolland0'),
(5, 'Margot', 'Berthelot', '$2y$10$qltmpzeoGQwSLgwpbMS2uO10D0I4PWNN4Z1jcP3nPCqJ2cN4J5ANe', 'Margot.Berthelot8'),
(6, 'Jacques', 'Blanc', '$2y$10$iG9wYMZqdNlohphuKvB.qONdggCasdmTdSRAud528AR.tjYp1ol5.', 'Jacques.Blanc6'),
(7, 'Paul', 'Boulay', '$2y$10$3/IJr1gU.8N8qpwsMaVy8O4iBR9yyj5ShvFqe8gUsRW4ilcwyP6bK', 'Paul.Boulay0'),
(8, 'Christophe', 'Marion', '$2y$10$qSVtlPbPtGkEt71m9Yv4suAwZNOo0PsVw3SRa11aNuWYJJMqrVnoO', 'Christophe.Marion6'),
(9, 'Arthur', 'Gilbert', '$2y$10$WbJ0e6LtwUmmguHx2ewbaeS/uotdRMZB0K0.8VJ7/mkGsIWAIVevq', 'Arthur.Gilbert4'),
(10, 'Frédérique', 'Roger', '$2y$10$9fuRu4zc3PQqHKzHd53eR.fhZVWUQOm.jak/atb6JJg4cRtvEAVGS', 'Frédérique.Roger6'),
(11, 'Marc', 'Millet', '$2y$10$iLoZONL.rR9Ih6IxqSHfGeZeFEpZxNIHqfTgwd0Jj5HbFabRDVyVi', 'Marc.Millet3'),
(12, 'Jérôme', 'Henry', '$2y$10$MbtMoq6nMfuGI16fMelZOe03W.niEJbOUpM1DymxayQ.QGGKaf9uq', 'Jérôme.Henry4'),
(13, 'Robert', 'Brunet', '$2y$10$NX0E5zaQdsO8gRv0TRgQNOhG0/UnosE/awiz/IMn3hQc74KJP3lNe', 'Robert.Brunet6'),
(14, 'Rémy', 'Petitjean', '$2y$10$aZGJZiomcVRGrsQS.ImOaOdw2h2AUUM5vIcMhSGEmgSnfS2z2oEVa', 'Rémy.Petitjean5'),
(15, 'Gabriel', 'Carre', '$2y$10$s.TdHYztko0Zb6tdtZHkZ.xJYXlfzYVqC2bPCozyoBgIpCBR/RCZK', 'Gabriel.Carre4'),
(16, 'Éric', 'Barbier', '$2y$10$63j4dTeosmtPzRHqkMf/W.oMgmamHrOF/cDvlNSNwL.TWfXeNad/6', 'Éric.Barbier4'),
(17, 'Guy', 'Guillou', '$2y$10$kgUnd8y56OFYCrZnbDtCDOPYcMcyRrsCP6EJjwgrrNT6StlDxZfOi', 'Guy.Guillou2'),
(18, 'Maurice', 'Le Roux', '$2y$10$g88bDSdIyd9bQ3JTBh7qHen/rwXt6KyepHDswJiLhVq/xEyap9I5u', 'Maurice.Le Roux3'),
(19, 'Emmanuelle', 'Fontaine', '$2y$10$SRb5AkGqhdWi.ga0.Um2rOYQThIGEiFBEB1NtFd9OJHWA3Pcy9BQS', 'Emmanuelle.Fontaine9'),
(20, 'Laetitia', 'Chartier', '$2y$10$FO2q3EU0gDN8NJxc4VL9J.BkuZGAiX21KjD6YnPU5N4/VYXZ.P41W', 'Laetitia.Chartier5'),
(21, 'Jeannine', 'Robin', '$2y$10$xbxUGIHX2XnpGhgp4MhKIedSUj.xi3211pFW3GhhyEB7jp9FiPmfe', 'Jeannine.Robin8'),
(22, 'Nicole', 'Gomez', '$2y$10$s4mB95J1Ei3fEEZR4OgClOn/DwME40dswrK1vQgXzHMLhGgJpeZbm', 'Nicole.Gomez3'),
(23, 'Frédérique', 'Lambert', '$2y$10$WZN8Zj/Mh/LmFmBHFmXOuOj6..dM7HvIVcdHpRQrxXNX7JLZXPH1S', 'Frédérique.Lambert3'),
(24, 'Benoît', 'Traore', '$2y$10$1v30OA0fAue8WRRlAJMj8eiX7gB5A.ZMPpJLnbH6.fvwWrMQgHTuC', 'Benoît.Traore6'),
(25, 'Victor', 'Goncalves', '$2y$10$sF7gWD6TxyxPPdrhkGQJZehKtTu8a1GqOTjjp3WuUynidHVLLdsPq', 'Victor.Goncalves1'),
(26, 'Charles', 'Buisson', '$2y$10$95yyGyA72ofi.Qse9OgT9.qve.OsRE7dFmQEvxQ9qR9oUEW5d6x26', 'Charles.Buisson6'),
(27, 'Éric', 'Camus', '$2y$10$wkacPW/rzRXcOtpFYHHSbu3SpMn6SYMFqtIaM3Eb2PEehSN2EoHMe', 'Éric.Camus8'),
(28, 'Noël', 'Germain', '$2y$10$votssd9dduaC.BzRbPKczObAaThfwTmbwN3huo0bY8JqK4utM3N/m', 'Noël.Germain1'),
(29, 'Amélie', 'Huet', '$2y$10$z0Y8.m5A6Hyo0RUJYKg8ZeUxkrQA93a0bicup1PFZi.m.x3Gh6Wuq', 'Amélie.Huet3'),
(30, 'Luc', 'Robert', '$2y$10$lWsnDG9aJxFuqzUS1Z1QCeGOXTcHrt.yqsRBRqUN5h5SvybRKOlTS', 'Luc.Robert7'),
(31, 'cvbcvbc', 'cvbcvbcvb', '$2y$10$gPk5FdeiIJnkyAho.HVpYe3LKJaYIEelVk/rsvFD2/yqQz4aibwTS', 'cvbcvbcv'),
(32, 'test2', 'test', '$2y$10$KQgt0yuGwxH8YMOcwYPTaeGQYeLqtHiRXbW2oGTDJo1HUcSdzneIW', 'test.test24'),
(33, 'arnaud', 'bourgoin', '$2y$10$zhF6cWQhn6V1GB68DFU8YuDb0ddW6fY4MT9GLCMRPkuP0v1vZKJzi', 'arnaud.bourgoin1'),
(34, 'paul', 'gillon', '$2y$10$aKPoISBq9Ks3ZO9MayzH2uKyr1C/c7tugvgFsgfyzlLqkz0khMK0i', 'paul.gillon'),
(35, 'Paul', 'Gillon', '$2y$10$/1X.qVTsB7Kc7zvl.rHdTuLYgBLYrKPRVNImRfYw7TJxhVrJxpSn.', 'paul.gillon2'),
(36, 'test', 'test', '$2y$10$3.Sw6SUwBS3GdOhskwl.uOlW0d0.X1Kfex3Jlaz0InoUISuDLO7oG', 'test.test');

-- --------------------------------------------------------

--
-- Structure de la table `VIPAccess`
--

CREATE TABLE `VIPAccess` (
  `id_user` int(11) NOT NULL,
  `id_gallery` int(11) NOT NULL
) ENGINE=InnoDB DEFAULT CHARSET=utf8mb4 COLLATE=utf8mb4_unicode_ci;

--
-- Déchargement des données de la table `VIPAccess`
--

INSERT INTO `VIPAccess` (`id_user`, `id_gallery`) VALUES
(34, 86),
(34, 87),
(34, 89),
(36, 86),
(36, 89);

--
-- Index pour les tables déchargées
--

--
-- Index pour la table `Gallery`
--
ALTER TABLE `Gallery`
  ADD PRIMARY KEY (`id`),
  ADD KEY `Constraint1` (`id_user`);

--
-- Index pour la table `Images`
--
ALTER TABLE `Images`
  ADD PRIMARY KEY (`id`),
  ADD KEY `Images_id_gallery_Gallery_id` (`id_gallery`);

--
-- Index pour la table `Tags`
--
ALTER TABLE `Tags`
  ADD PRIMARY KEY (`id`);

--
-- Index pour la table `Users`
--
ALTER TABLE `Users`
  ADD PRIMARY KEY (`id`);

--
-- Index pour la table `VIPAccess`
--
ALTER TABLE `VIPAccess`
  ADD PRIMARY KEY (`id_user`,`id_gallery`),
  ADD KEY `gallery.vip` (`id_gallery`);

--
-- AUTO_INCREMENT pour les tables déchargées
--

--
-- AUTO_INCREMENT pour la table `Gallery`
--
ALTER TABLE `Gallery`
  MODIFY `id` int(11) NOT NULL AUTO_INCREMENT, AUTO_INCREMENT=91;

--
-- AUTO_INCREMENT pour la table `Images`
--
ALTER TABLE `Images`
  MODIFY `id` int(11) NOT NULL AUTO_INCREMENT, AUTO_INCREMENT=335;

--
-- AUTO_INCREMENT pour la table `Tags`
--
ALTER TABLE `Tags`
  MODIFY `id` int(11) NOT NULL AUTO_INCREMENT, AUTO_INCREMENT=207;

--
-- AUTO_INCREMENT pour la table `Users`
--
ALTER TABLE `Users`
  MODIFY `id` int(11) NOT NULL AUTO_INCREMENT, AUTO_INCREMENT=37;

--
-- Contraintes pour les tables déchargées
--

--
-- Contraintes pour la table `Gallery`
--
ALTER TABLE `Gallery`
  ADD CONSTRAINT `Constraint1` FOREIGN KEY (`id_user`) REFERENCES `Users` (`id`) ON DELETE CASCADE ON UPDATE CASCADE;

--
-- Contraintes pour la table `VIPAccess`
--
ALTER TABLE `VIPAccess`
  ADD CONSTRAINT `gallery.vip` FOREIGN KEY (`id_gallery`) REFERENCES `Gallery` (`id`) ON DELETE CASCADE ON UPDATE CASCADE,
  ADD CONSTRAINT `users.vip` FOREIGN KEY (`id_user`) REFERENCES `Users` (`id`) ON DELETE CASCADE ON UPDATE CASCADE;
COMMIT;

/*!40101 SET CHARACTER_SET_CLIENT=@OLD_CHARACTER_SET_CLIENT */;
/*!40101 SET CHARACTER_SET_RESULTS=@OLD_CHARACTER_SET_RESULTS */;
/*!40101 SET COLLATION_CONNECTION=@OLD_COLLATION_CONNECTION */;
